EmployeeID,EmployeeName,Gender,Department,SubDepartment,EmployeeType,Location,PrimaryShift,DateOfJoining
EMP0001,Nandhini Muthu,Female,Maintenance,Utilities,Contract,Modakurichi,C,2023-07-25
EMP0002,Anitha Mani,Female,Biscuit,Packing,Contract,Modakurichi,C,2023-11-10
EMP0003,Revathi Muthu,Female,Biscuit,Production,Contract,Bhavani,B,2025-01-12
EMP0004,Nandhini Kumar,Female,Biscuit,Quality,MAPS,Bhavani,C,2025-04-19
EMP0005,Dinesh Kumar,Male,Biscuit,Quality,BIL,Modakurichi,C,2024-08-08
EMP0006,Prakash Ravi,Male,Biscuit,Production,Contract,Nasiyanur,A,2025-03-12
EMP0007,Selvi Muthu,Female,Wafer,Packing,Contract,Bhavani,C,2024-07-11
EMP0008,Vignesh Selvam,Male,Biscuit,Quality,Contract,Erode,C,2025-11-24
EMP0009,Anitha Vel,Female,Wafer,Production,Contract,Kodumudi,C,2025-10-20
EMP0010,Karthik Vel,Male,Wafer,Packing,BIL,Bhavani,B,2023-11-20
EMP0011,Arun Palanisamy,Male,Biscuit,Packing,Contract,Erode,A,2025-01-13
EMP0012,Lakshmi Mani,Female,Biscuit,Production,Contract,Chithode,B,2023-10-19
EMP0013,Murugan Ravi,Male,Wafer,Packing,MAPS,Erode,B,2024-11-06
EMP0014,Arun Vel,Male,Wafer,Packing,Contract,Villarasampatti,C,2025-06-07
EMP0015,Lakshmi Muthu,Female,Biscuit,Production,BIL,Chithode,A,2022-11-05
EMP0016,Arun Gounder,Male,Maintenance,TF,BIL,Erode,C,2022-10-25
EMP0017,Priya Ravi,Female,Biscuit,Quality,Contract,Kavindapadi,A,2025-07-06
EMP0018,Dinesh Mani,Male,Biscuit,Packing,Contract,Kavindapadi,A,2023-06-28
EMP0019,Nandhini Muthu,Female,Wafer,Production,BIL,Perundurai,B,2023-06-29
EMP0020,Dinesh Rajan,Male,Biscuit,Production,Contract,Perundurai,A,2024-01-14
EMP0021,Suresh Subramani,Male,Wafer,Packing,BIL,Perundurai,B,2025-06-08
EMP0022,Saravanan Kumar,Male,Wafer,Production,Contract,Villarasampatti,B,2022-11-30
EMP0023,Murugan Muthu,Male,Biscuit,Quality,Contract,Nasiyanur,A,2025-01-03
EMP0024,Meena Palanisamy,Female,Maintenance,Utilities,BIL,Perundurai,B,2023-10-07
EMP0025,Suresh Vel,Male,Wafer,Quality,Contract,Modakurichi,C,2022-10-18
EMP0026,Suresh Palanisamy,Male,Wafer,Packing,MAPS,Bhavani,C,2024-11-26
EMP0027,Nandhini Selvam,Female,Wafer,Quality,Operator,Erode,A,2024-03-18
EMP0028,Arun Rajan,Male,Maintenance,TF,BIL,Kavindapadi,A,2023-01-21
EMP0029,Dinesh Gounder,Male,Wafer,Packing,Contract,Perundurai,B,2023-07-24
EMP0030,Rajesh Subramani,Male,Maintenance,Utilities,Contract,Bhavani,C,2025-06-06
EMP0031,Prakash Palanisamy,Male,Maintenance,Utilities,Contract,Bhavani,A,2024-11-22
EMP0032,Saravanan Subramani,Male,Biscuit,Production,Contract,Erode,A,2023-10-01
EMP0033,Suresh Palanisamy,Male,Wafer,Quality,Contract,Bhavani,B,2025-11-03
EMP0034,Anitha Muthu,Female,Biscuit,Production,Operator,Nasiyanur,C,2024-12-15
EMP0035,Murugan Vel,Male,Maintenance,Mechanical,Operator,Perundurai,A,2024-01-03
EMP0036,Murugan Ravi,Male,Biscuit,Production,Contract,Modakurichi,A,2024-01-05
EMP0037,Anitha Mani,Female,Biscuit,Packing,Contract,Perundurai,C,2024-12-30
EMP0038,Geetha Gounder,Female,Biscuit,Packing,BIL,Kavindapadi,C,2023-12-27
EMP0039,Karthik Gounder,Male,Biscuit,Production,MAPS,Nasiyanur,B,2024-03-21
EMP0040,Suresh Mani,Male,Wafer,Quality,Contract,Perundurai,B,2024-01-06
EMP0041,Karthik Mani,Male,Biscuit,Quality,Operator,Erode,A,2025-06-03
EMP0042,Suresh Palanisamy,Male,Biscuit,Production,Contract,Erode,C,2025-10-01
EMP0043,Murugan Vel,Male,Biscuit,Quality,Contract,Kavindapadi,A,2023-05-19
EMP0044,Vignesh Mani,Male,Biscuit,Production,Contract,Kodumudi,C,2024-08-02
EMP0045,Arun Gounder,Male,Wafer,Quality,MAPS,Perundurai,A,2024-08-16
EMP0046,Saravanan Mani,Male,Maintenance,TF,Operator,Bhavani,B,2023-06-04
EMP0047,Senthil Ravi,Male,Biscuit,Quality,Contract,Kavindapadi,B,2023-04-01
EMP0048,Dinesh Selvam,Male,Wafer,Production,Contract,Villarasampatti,A,2024-08-01
EMP0049,Prakash Gounder,Male,Biscuit,Quality,Contract,Gobichettipalayam,A,2025-03-02
EMP0050,Priya Mani,Female,Maintenance,Electrical,Contract,Villarasampatti,C,2023-03-15
EMP0051,Priya Mani,Female,Wafer,Quality,Contract,Bhavani,B,2025-10-22
EMP0052,Priya Subramani,Female,Maintenance,Utilities,BIL,Perundurai,B,2023-08-06
EMP0053,Murugan Subramani,Male,Biscuit,Quality,MAPS,Kodumudi,C,2024-06-29
EMP0054,Anitha Kumar,Female,Maintenance,Electrical,BIL,Perundurai,B,2023-12-12
EMP0055,Karthik Palanisamy,Male,Wafer,Packing,Contract,Bhavani,B,2022-12-21
EMP0056,Rajesh Rajan,Male,Wafer,Quality,Contract,Erode,C,2025-08-22
EMP0057,Anitha Muthu,Female,Wafer,Production,Contract,Kavindapadi,C,2023-04-21
EMP0058,Rajesh Palanisamy,Male,Biscuit,Production,Contract,Erode,A,2022-12-02
EMP0059,Rajesh Gounder,Male,Wafer,Production,Operator,Bhavani,B,2023-12-16
EMP0060,Dinesh Kumar,Male,Maintenance,Mechanical,Operator,Erode,A,2023-03-13
EMP0061,Karthik Rajan,Male,Wafer,Production,Contract,Nasiyanur,C,2023-08-09
EMP0062,Vignesh Gounder,Male,Biscuit,Packing,Contract,Modakurichi,C,2023-06-02
EMP0063,Prakash Subramani,Male,Maintenance,Mechanical,MAPS,Perundurai,A,2023-10-15
EMP0064,Selvi Vel,Female,Wafer,Production,MAPS,Perundurai,A,2025-02-23
EMP0065,Vignesh Ravi,Male,Biscuit,Production,BIL,Perundurai,C,2025-11-26
EMP0066,Arun Subramani,Male,Wafer,Quality,Contract,Kavindapadi,A,2025-09-26
EMP0067,Selvi Subramani,Female,Wafer,Quality,MAPS,Perundurai,C,2024-06-16
EMP0068,Suresh Palanisamy,Male,Wafer,Quality,BIL,Kavindapadi,B,2025-06-04
EMP0069,Meena Rajan,Female,Biscuit,Production,Operator,Kodumudi,C,2024-04-15
EMP0070,Arun Selvam,Male,Biscuit,Quality,BIL,Erode,B,2025-08-17
EMP0071,Prakash Subramani,Male,Biscuit,Packing,BIL,Kodumudi,C,2024-06-28
EMP0072,Kavitha Muthu,Female,Biscuit,Packing,BIL,Gobichettipalayam,B,2022-11-27
EMP0073,Dinesh Palanisamy,Male,Biscuit,Quality,Contract,Erode,B,2022-11-19
EMP0074,Suresh Ravi,Male,Biscuit,Packing,BIL,Nasiyanur,A,2024-08-11
EMP0075,Saravanan Palanisamy,Male,Biscuit,Quality,Contract,Nasiyanur,A,2025-06-12
EMP0076,Suresh Palanisamy,Male,Wafer,Quality,BIL,Gobichettipalayam,B,2024-11-27
EMP0077,Divya Palanisamy,Female,Biscuit,Packing,Contract,Villarasampatti,B,2023-05-01
EMP0078,Anitha Mani,Female,Maintenance,Mechanical,Contract,Bhavani,A,2024-11-29
EMP0079,Divya Muthu,Female,Biscuit,Production,MAPS,Perundurai,A,2025-09-03
EMP0080,Suresh Ravi,Male,Biscuit,Production,BIL,Perundurai,B,2023-04-09
EMP0081,Lakshmi Gounder,Female,Biscuit,Production,Contract,Nasiyanur,B,2024-04-24
EMP0082,Selvi Muthu,Female,Wafer,Production,BIL,Gobichettipalayam,C,2024-09-04
EMP0083,Prakash Kumar,Male,Biscuit,Quality,Contract,Erode,B,2024-07-31
EMP0084,Geetha Selvam,Female,Wafer,Quality,Operator,Erode,B,2024-06-26
EMP0085,Prakash Kumar,Male,Wafer,Production,Contract,Erode,B,2024-12-09
EMP0086,Kavitha Vel,Female,Biscuit,Production,Contract,Villarasampatti,C,2024-01-16
EMP0087,Arun Kumar,Male,Biscuit,Quality,BIL,Gobichettipalayam,C,2024-08-13
EMP0088,Nandhini Ravi,Female,Biscuit,Packing,Contract,Chithode,C,2023-03-20
EMP0089,Murugan Ravi,Male,Maintenance,Electrical,Operator,Kodumudi,B,2025-07-15
EMP0090,Vignesh Mani,Male,Biscuit,Packing,Contract,Nasiyanur,C,2022-12-24
EMP0091,Prakash Rajan,Male,Biscuit,Production,Contract,Modakurichi,A,2023-09-16
EMP0092,Dinesh Palanisamy,Male,Wafer,Production,Contract,Gobichettipalayam,B,2023-11-21
EMP0093,Geetha Vel,Female,Biscuit,Quality,Operator,Gobichettipalayam,C,2025-01-03
EMP0094,Selvi Kumar,Female,Maintenance,Utilities,BIL,Nasiyanur,B,2024-02-24
EMP0095,Lakshmi Subramani,Female,Maintenance,Utilities,BIL,Bhavani,A,2023-11-18
EMP0096,Prakash Palanisamy,Male,Biscuit,Quality,Contract,Modakurichi,C,2024-06-06
EMP0097,Priya Muthu,Female,Wafer,Packing,BIL,Bhavani,A,2025-01-25
EMP0098,Selvi Kumar,Female,Biscuit,Packing,Contract,Perundurai,C,2023-10-04
EMP0099,Nandhini Ravi,Female,Maintenance,Mechanical,MAPS,Perundurai,C,2023-01-04
EMP0100,Suresh Muthu,Male,Maintenance,Utilities,Contract,Gobichettipalayam,B,2025-10-29
EMP0101,Senthil Mani,Male,Wafer,Production,MAPS,Chithode,A,2023-06-04
EMP0102,Vignesh Muthu,Male,Wafer,Packing,Contract,Kavindapadi,C,2025-04-27
EMP0103,Senthil Gounder,Male,Wafer,Packing,Operator,Chithode,C,2023-06-09
EMP0104,Dinesh Rajan,Male,Wafer,Quality,BIL,Kodumudi,A,2024-08-30
EMP0105,Priya Muthu,Female,Biscuit,Production,Contract,Erode,B,2024-02-22
EMP0106,Arun Mani,Male,Wafer,Packing,Contract,Modakurichi,C,2023-07-06
EMP0107,Saravanan Selvam,Male,Maintenance,Electrical,Contract,Kavindapadi,A,2024-12-09
EMP0108,Revathi Vel,Female,Wafer,Packing,Contract,Erode,A,2024-11-20
EMP0109,Prakash Mani,Male,Biscuit,Production,MAPS,Bhavani,B,2023-11-20
EMP0110,Dinesh Palanisamy,Male,Maintenance,Mechanical,MAPS,Kavindapadi,A,2023-05-25
EMP0111,Karthik Palanisamy,Male,Biscuit,Packing,Operator,Villarasampatti,B,2022-12-04
EMP0112,Dinesh Ravi,Male,Maintenance,Utilities,Contract,Erode,B,2025-09-17
EMP0113,Suresh Palanisamy,Male,Biscuit,Production,Contract,Nasiyanur,A,2023-06-06
EMP0114,Meena Subramani,Female,Biscuit,Production,Contract,Nasiyanur,A,2025-12-01
EMP0115,Dinesh Mani,Male,Biscuit,Production,Contract,Chithode,B,2024-08-09
EMP0116,Lakshmi Palanisamy,Female,Maintenance,Electrical,Contract,Erode,C,2024-05-20
EMP0117,Divya Selvam,Female,Biscuit,Production,Contract,Nasiyanur,C,2023-02-25
EMP0118,Rajesh Gounder,Male,Biscuit,Production,Operator,Perundurai,C,2025-04-26
EMP0119,Karthik Rajan,Male,Wafer,Packing,BIL,Kodumudi,A,2023-09-19
EMP0120,Vignesh Palanisamy,Male,Maintenance,Mechanical,Contract,Bhavani,C,2023-03-07
EMP0121,Suresh Subramani,Male,Biscuit,Quality,Operator,Chithode,B,2023-07-27
EMP0122,Vignesh Rajan,Male,Wafer,Packing,Contract,Nasiyanur,B,2024-11-26
EMP0123,Vignesh Kumar,Male,Biscuit,Packing,Contract,Gobichettipalayam,A,2023-03-19
EMP0124,Anitha Rajan,Female,Biscuit,Quality,BIL,Erode,C,2025-06-17
EMP0125,Meena Rajan,Female,Wafer,Production,Contract,Perundurai,C,2024-02-24
EMP0126,Saravanan Palanisamy,Male,Biscuit,Quality,MAPS,Villarasampatti,A,2023-12-05
EMP0127,Rajesh Kumar,Male,Wafer,Production,BIL,Bhavani,A,2025-04-24
EMP0128,Arun Mani,Male,Biscuit,Quality,Contract,Kodumudi,A,2024-02-23
EMP0129,Rajesh Vel,Male,Wafer,Quality,MAPS,Modakurichi,B,2025-06-10
EMP0130,Dinesh Kumar,Male,Biscuit,Quality,Contract,Nasiyanur,C,2025-08-14
EMP0131,Nandhini Gounder,Female,Wafer,Packing,Operator,Erode,A,2023-09-26
EMP0132,Kavitha Selvam,Female,Maintenance,Utilities,Contract,Bhavani,B,2023-02-08
EMP0133,Dinesh Palanisamy,Male,Wafer,Packing,MAPS,Kodumudi,C,2024-06-30
EMP0134,Kavitha Mani,Female,Maintenance,TF,Contract,Erode,B,2023-07-16
EMP0135,Suresh Subramani,Male,Biscuit,Quality,MAPS,Nasiyanur,C,2023-11-30
EMP0136,Prakash Gounder,Male,Wafer,Packing,BIL,Modakurichi,B,2024-06-03
EMP0137,Prakash Gounder,Male,Biscuit,Quality,Contract,Gobichettipalayam,A,2025-10-09
EMP0138,Divya Rajan,Female,Biscuit,Production,MAPS,Kavindapadi,B,2025-01-11
EMP0139,Saravanan Rajan,Male,Wafer,Production,Contract,Perundurai,B,2025-11-22
EMP0140,Lakshmi Vel,Female,Wafer,Packing,Contract,Erode,A,2024-12-22
EMP0141,Divya Mani,Female,Maintenance,Utilities,Operator,Modakurichi,C,2024-01-13
EMP0142,Arun Selvam,Male,Biscuit,Packing,Contract,Kavindapadi,C,2023-12-11
EMP0143,Murugan Rajan,Male,Biscuit,Packing,MAPS,Kodumudi,A,2024-03-29
EMP0144,Rajesh Mani,Male,Biscuit,Packing,MAPS,Bhavani,A,2025-04-04
EMP0145,Lakshmi Rajan,Female,Maintenance,Mechanical,Contract,Kavindapadi,A,2023-12-10
EMP0146,Karthik Rajan,Male,Biscuit,Production,BIL,Kavindapadi,B,2023-02-12
EMP0147,Murugan Palanisamy,Male,Biscuit,Production,Contract,Modakurichi,A,2025-09-06
EMP0148,Geetha Selvam,Female,Wafer,Packing,Contract,Villarasampatti,C,2024-07-12
EMP0149,Prakash Rajan,Male,Maintenance,Utilities,Operator,Erode,B,2024-09-22
EMP0150,Murugan Mani,Male,Biscuit,Production,Contract,Modakurichi,A,2024-11-21
EMP0151,Arun Muthu,Male,Biscuit,Packing,Contract,Modakurichi,B,2025-06-19
EMP0152,Geetha Mani,Female,Biscuit,Production,Operator,Chithode,B,2025-10-05
EMP0153,Arun Ravi,Male,Wafer,Production,MAPS,Erode,C,2025-03-31
EMP0154,Saravanan Ravi,Male,Wafer,Production,Operator,Chithode,C,2025-09-21
EMP0155,Rajesh Rajan,Male,Biscuit,Quality,Contract,Modakurichi,B,2023-11-05
EMP0156,Divya Gounder,Female,Biscuit,Packing,BIL,Nasiyanur,B,2022-11-16
EMP0157,Murugan Rajan,Male,Wafer,Quality,Contract,Nasiyanur,C,2024-12-28
EMP0158,Geetha Muthu,Female,Maintenance,Mechanical,BIL,Chithode,B,2022-11-19
EMP0159,Rajesh Ravi,Male,Biscuit,Quality,BIL,Villarasampatti,B,2023-08-06
EMP0160,Saravanan Muthu,Male,Wafer,Packing,Contract,Nasiyanur,A,2025-07-08
EMP0161,Prakash Vel,Male,Wafer,Quality,Contract,Chithode,B,2023-05-05
EMP0162,Kavitha Ravi,Female,Maintenance,Utilities,BIL,Erode,C,2025-01-14
EMP0163,Suresh Selvam,Male,Wafer,Quality,Contract,Villarasampatti,C,2024-03-03
EMP0164,Anitha Ravi,Female,Wafer,Production,BIL,Chithode,C,2022-10-16
EMP0165,Dinesh Vel,Male,Biscuit,Packing,MAPS,Kodumudi,B,2024-10-04
EMP0166,Lakshmi Gounder,Female,Maintenance,Electrical,Contract,Villarasampatti,B,2023-11-23
EMP0167,Vignesh Selvam,Male,Maintenance,TF,MAPS,Modakurichi,C,2025-11-08
EMP0168,Anitha Rajan,Female,Wafer,Packing,Contract,Erode,B,2023-11-08
EMP0169,Prakash Selvam,Male,Wafer,Packing,Contract,Bhavani,B,2024-12-27
EMP0170,Vignesh Kumar,Male,Biscuit,Packing,MAPS,Bhavani,A,2025-06-24
EMP0171,Nandhini Rajan,Female,Biscuit,Packing,Contract,Erode,C,2025-11-02
EMP0172,Dinesh Selvam,Male,Maintenance,TF,Contract,Erode,B,2023-05-22
EMP0173,Dinesh Mani,Male,Wafer,Packing,MAPS,Erode,A,2025-06-03
EMP0174,Dinesh Selvam,Male,Wafer,Quality,BIL,Modakurichi,A,2022-09-19
EMP0175,Karthik Kumar,Male,Wafer,Production,Contract,Nasiyanur,C,2025-05-08
EMP0176,Dinesh Ravi,Male,Wafer,Packing,MAPS,Bhavani,C,2023-04-16
EMP0177,Prakash Gounder,Male,Wafer,Quality,Contract,Kavindapadi,C,2025-01-23
EMP0178,Kavitha Gounder,Female,Biscuit,Production,Contract,Perundurai,B,2025-10-02
EMP0179,Arun Muthu,Male,Wafer,Production,BIL,Bhavani,A,2024-10-28
EMP0180,Karthik Selvam,Male,Maintenance,TF,Contract,Bhavani,A,2025-08-16
EMP0181,Murugan Ravi,Male,Biscuit,Production,Contract,Bhavani,C,2023-08-19
EMP0182,Dinesh Vel,Male,Biscuit,Production,MAPS,Erode,C,2025-08-24
EMP0183,Karthik Rajan,Male,Wafer,Production,Operator,Erode,B,2022-10-03
EMP0184,Senthil Rajan,Male,Biscuit,Quality,Operator,Kavindapadi,B,2025-04-21
EMP0185,Dinesh Vel,Male,Biscuit,Production,BIL,Villarasampatti,C,2024-09-09
EMP0186,Geetha Palanisamy,Female,Biscuit,Production,BIL,Villarasampatti,B,2025-02-01
EMP0187,Suresh Ravi,Male,Wafer,Packing,Contract,Erode,B,2025-07-01
EMP0188,Murugan Vel,Male,Wafer,Quality,Contract,Perundurai,A,2025-03-29
EMP0189,Anitha Vel,Female,Biscuit,Quality,Contract,Nasiyanur,C,2023-03-24
EMP0190,Saravanan Muthu,Male,Biscuit,Packing,Contract,Gobichettipalayam,A,2025-03-27
EMP0191,Dinesh Selvam,Male,Biscuit,Packing,Contract,Kavindapadi,A,2025-05-05
EMP0192,Prakash Palanisamy,Male,Biscuit,Packing,Contract,Kodumudi,B,2025-04-06
EMP0193,Meena Subramani,Female,Biscuit,Quality,Contract,Kodumudi,A,2024-08-13
EMP0194,Kavitha Rajan,Female,Wafer,Quality,Contract,Modakurichi,B,2025-10-12
EMP0195,Arun Gounder,Male,Maintenance,Utilities,MAPS,Erode,B,2023-05-09
EMP0196,Saravanan Selvam,Male,Biscuit,Quality,Contract,Nasiyanur,C,2024-01-18
EMP0197,Senthil Gounder,Male,Biscuit,Quality,MAPS,Kodumudi,A,2024-01-26
EMP0198,Prakash Mani,Male,Biscuit,Packing,Operator,Modakurichi,C,2024-08-31
EMP0199,Suresh Muthu,Male,Wafer,Packing,BIL,Villarasampatti,B,2024-09-25
EMP0200,Prakash Palanisamy,Male,Biscuit,Production,Contract,Gobichettipalayam,C,2024-09-03
EMP0201,Rajesh Palanisamy,Male,Wafer,Packing,MAPS,Modakurichi,A,2025-05-04
EMP0202,Revathi Vel,Female,Biscuit,Quality,Contract,Modakurichi,C,2024-01-25
EMP0203,Senthil Kumar,Male,Wafer,Quality,Contract,Bhavani,B,2025-06-09
EMP0204,Vignesh Muthu,Male,Biscuit,Production,MAPS,Chithode,C,2023-02-07
EMP0205,Vignesh Palanisamy,Male,Biscuit,Quality,MAPS,Villarasampatti,A,2025-03-26
EMP0206,Revathi Ravi,Female,Maintenance,TF,Contract,Kodumudi,C,2023-02-08
EMP0207,Karthik Rajan,Male,Wafer,Packing,BIL,Modakurichi,B,2023-08-01
EMP0208,Senthil Rajan,Male,Biscuit,Packing,Contract,Bhavani,A,2023-03-28
EMP0209,Rajesh Gounder,Male,Maintenance,Utilities,Contract,Nasiyanur,A,2024-07-13
EMP0210,Senthil Rajan,Male,Wafer,Packing,BIL,Perundurai,B,2024-06-10
EMP0211,Saravanan Selvam,Male,Biscuit,Packing,Contract,Perundurai,A,2024-04-12
EMP0212,Saravanan Muthu,Male,Wafer,Quality,Contract,Gobichettipalayam,C,2023-02-16
EMP0213,Prakash Muthu,Male,Biscuit,Packing,Contract,Modakurichi,A,2024-05-21
EMP0214,Saravanan Palanisamy,Male,Wafer,Production,Operator,Perundurai,A,2022-12-03
EMP0215,Selvi Rajan,Female,Biscuit,Production,Contract,Villarasampatti,C,2025-09-12
EMP0216,Saravanan Ravi,Male,Biscuit,Packing,Contract,Modakurichi,A,2024-12-04
EMP0217,Murugan Selvam,Male,Maintenance,Utilities,MAPS,Gobichettipalayam,A,2024-03-09
EMP0218,Geetha Gounder,Female,Maintenance,TF,Contract,Bhavani,A,2024-03-04
EMP0219,Saravanan Mani,Male,Maintenance,Electrical,Contract,Nasiyanur,C,2023-02-26
EMP0220,Prakash Rajan,Male,Biscuit,Production,Contract,Bhavani,C,2024-06-28
EMP0221,Geetha Vel,Female,Biscuit,Production,Contract,Modakurichi,A,2023-04-19
EMP0222,Suresh Mani,Male,Maintenance,TF,Contract,Perundurai,B,2025-06-06
EMP0223,Karthik Rajan,Male,Wafer,Packing,Contract,Kodumudi,C,2023-05-15
EMP0224,Priya Vel,Female,Wafer,Quality,Operator,Chithode,A,2025-08-18
EMP0225,Dinesh Muthu,Male,Maintenance,TF,MAPS,Villarasampatti,B,2024-07-25
EMP0226,Karthik Rajan,Male,Wafer,Quality,Contract,Erode,C,2023-08-10
EMP0227,Rajesh Subramani,Male,Biscuit,Quality,Contract,Villarasampatti,A,2025-10-27
EMP0228,Murugan Kumar,Male,Maintenance,Electrical,Contract,Nasiyanur,C,2025-09-15
EMP0229,Suresh Selvam,Male,Wafer,Packing,Operator,Nasiyanur,A,2024-05-03
EMP0230,Vignesh Mani,Male,Biscuit,Quality,BIL,Bhavani,C,2024-07-19
EMP0231,Karthik Mani,Male,Wafer,Production,BIL,Gobichettipalayam,B,2022-12-10
EMP0232,Saravanan Vel,Male,Biscuit,Quality,Contract,Bhavani,B,2024-06-12
EMP0233,Murugan Ravi,Male,Biscuit,Packing,BIL,Bhavani,A,2025-03-14
EMP0234,Vignesh Kumar,Male,Biscuit,Quality,Contract,Erode,B,2024-12-26
EMP0235,Karthik Mani,Male,Wafer,Production,Contract,Chithode,C,2023-05-25
EMP0236,Dinesh Selvam,Male,Biscuit,Production,Contract,Villarasampatti,C,2023-08-30
EMP0237,Dinesh Muthu,Male,Wafer,Packing,MAPS,Nasiyanur,C,2024-07-06
EMP0238,Vignesh Rajan,Male,Biscuit,Production,Contract,Nasiyanur,C,2025-02-23
EMP0239,Kavitha Gounder,Female,Biscuit,Packing,Contract,Chithode,A,2023-03-01
EMP0240,Prakash Kumar,Male,Wafer,Quality,Contract,Gobichettipalayam,A,2023-02-21
EMP0241,Lakshmi Vel,Female,Maintenance,TF,MAPS,Nasiyanur,C,2023-06-26
EMP0242,Arun Muthu,Male,Biscuit,Packing,Contract,Villarasampatti,C,2024-02-25
EMP0243,Selvi Rajan,Female,Biscuit,Production,MAPS,Modakurichi,C,2023-10-12
EMP0244,Geetha Rajan,Female,Biscuit,Packing,Contract,Kodumudi,B,2022-11-29
EMP0245,Saravanan Palanisamy,Male,Biscuit,Production,Contract,Perundurai,A,2023-11-26
EMP0246,Saravanan Kumar,Male,Wafer,Quality,Contract,Erode,A,2023-04-27
EMP0247,Saravanan Subramani,Male,Biscuit,Production,MAPS,Erode,C,2022-11-04
EMP0248,Priya Kumar,Female,Biscuit,Packing,Contract,Erode,C,2023-06-08
EMP0249,Revathi Gounder,Female,Wafer,Quality,Contract,Kodumudi,A,2024-10-03
EMP0250,Saravanan Mani,Male,Biscuit,Packing,MAPS,Perundurai,A,2024-08-27
EMP0251,Kavitha Gounder,Female,Biscuit,Production,Contract,Villarasampatti,A,2023-07-19
EMP0252,Vignesh Rajan,Male,Wafer,Quality,Contract,Nasiyanur,A,2022-12-17
EMP0253,Saravanan Ravi,Male,Wafer,Quality,Contract,Erode,A,2025-05-13
EMP0254,Karthik Rajan,Male,Biscuit,Quality,Operator,Bhavani,B,2025-01-25
EMP0255,Karthik Selvam,Male,Biscuit,Production,Contract,Erode,C,2024-08-18
EMP0256,Vignesh Kumar,Male,Biscuit,Production,BIL,Bhavani,A,2025-03-30
EMP0257,Nandhini Mani,Female,Maintenance,Utilities,Contract,Kavindapadi,A,2024-03-08
EMP0258,Prakash Vel,Male,Wafer,Production,MAPS,Modakurichi,A,2023-08-03
EMP0259,Arun Mani,Male,Wafer,Quality,MAPS,Bhavani,C,2023-12-06
EMP0260,Suresh Gounder,Male,Biscuit,Packing,Contract,Kodumudi,C,2024-08-27
EMP0261,Selvi Subramani,Female,Biscuit,Quality,BIL,Villarasampatti,C,2023-05-15
EMP0262,Kavitha Kumar,Female,Maintenance,Mechanical,Operator,Modakurichi,B,2024-10-16
EMP0263,Senthil Muthu,Male,Maintenance,Utilities,Contract,Kavindapadi,A,2025-08-11
EMP0264,Priya Vel,Female,Biscuit,Quality,MAPS,Chithode,A,2023-06-15
EMP0265,Suresh Vel,Male,Wafer,Quality,Contract,Erode,C,2022-12-24
EMP0266,Rajesh Muthu,Male,Biscuit,Production,Contract,Kavindapadi,C,2025-10-27
EMP0267,Dinesh Subramani,Male,Biscuit,Packing,Contract,Kavindapadi,C,2025-03-16
EMP0268,Anitha Palanisamy,Female,Biscuit,Packing,MAPS,Erode,C,2025-03-07
EMP0269,Prakash Subramani,Male,Wafer,Production,BIL,Villarasampatti,B,2025-08-04
EMP0270,Dinesh Gounder,Male,Wafer,Production,MAPS,Bhavani,A,2024-10-19
EMP0271,Karthik Rajan,Male,Maintenance,Utilities,Operator,Chithode,C,2023-04-08
EMP0272,Karthik Rajan,Male,Biscuit,Production,Contract,Modakurichi,A,2025-09-07
EMP0273,Murugan Mani,Male,Wafer,Production,BIL,Kavindapadi,C,2024-12-07
EMP0274,Senthil Muthu,Male,Wafer,Packing,Contract,Nasiyanur,A,2025-05-18
EMP0275,Anitha Selvam,Female,Biscuit,Quality,MAPS,Chithode,A,2022-11-13
EMP0276,Nandhini Mani,Female,Biscuit,Quality,Contract,Erode,B,2023-09-18
EMP0277,Kavitha Selvam,Female,Wafer,Production,BIL,Kodumudi,A,2024-06-29
EMP0278,Senthil Gounder,Male,Biscuit,Quality,BIL,Gobichettipalayam,B,2025-09-07
EMP0279,Arun Muthu,Male,Biscuit,Quality,Contract,Bhavani,A,2023-06-14
EMP0280,Priya Kumar,Female,Wafer,Quality,Contract,Villarasampatti,A,2023-12-08
EMP0281,Selvi Muthu,Female,Wafer,Packing,BIL,Perundurai,B,2024-08-10
EMP0282,Murugan Gounder,Male,Maintenance,Electrical,Contract,Modakurichi,B,2024-06-23
EMP0283,Dinesh Selvam,Male,Biscuit,Packing,Contract,Bhavani,A,2024-03-12
EMP0284,Rajesh Subramani,Male,Wafer,Production,Operator,Erode,B,2023-11-30
EMP0285,Prakash Vel,Male,Biscuit,Production,Contract,Kavindapadi,C,2022-11-23
EMP0286,Revathi Gounder,Female,Maintenance,TF,Contract,Chithode,B,2025-02-12
EMP0287,Senthil Palanisamy,Male,Maintenance,Utilities,Contract,Gobichettipalayam,C,2023-08-10
EMP0288,Geetha Gounder,Female,Biscuit,Packing,MAPS,Chithode,C,2024-07-05
EMP0289,Lakshmi Subramani,Female,Maintenance,Mechanical,Contract,Chithode,C,2023-11-18
EMP0290,Murugan Palanisamy,Male,Wafer,Packing,Contract,Bhavani,C,2024-11-07
EMP0291,Murugan Rajan,Male,Biscuit,Packing,Contract,Erode,C,2025-08-02
EMP0292,Rajesh Subramani,Male,Biscuit,Production,Contract,Gobichettipalayam,C,2025-01-14
EMP0293,Arun Kumar,Male,Wafer,Quality,MAPS,Erode,A,2024-04-04
EMP0294,Senthil Gounder,Male,Biscuit,Production,MAPS,Kavindapadi,A,2025-11-20
EMP0295,Murugan Subramani,Male,Wafer,Quality,Contract,Gobichettipalayam,A,2025-06-20
EMP0296,Rajesh Mani,Male,Maintenance,Electrical,Contract,Nasiyanur,C,2024-10-07
EMP0297,Rajesh Kumar,Male,Biscuit,Packing,Contract,Nasiyanur,C,2024-03-06
EMP0298,Senthil Palanisamy,Male,Wafer,Quality,BIL,Perundurai,C,2024-05-25
EMP0299,Senthil Selvam,Male,Biscuit,Quality,Contract,Nasiyanur,A,2025-08-27
EMP0300,Kavitha Muthu,Female,Maintenance,Utilities,Operator,Perundurai,A,2022-12-15
EMP0301,Revathi Kumar,Female,Wafer,Quality,Operator,Modakurichi,C,2025-04-22
EMP0302,Murugan Kumar,Male,Maintenance,Mechanical,BIL,Nasiyanur,B,2024-02-02
EMP0303,Senthil Ravi,Male,Biscuit,Quality,MAPS,Nasiyanur,C,2023-08-09
EMP0304,Murugan Rajan,Male,Maintenance,Mechanical,Contract,Erode,B,2025-03-20
EMP0305,Murugan Subramani,Male,Wafer,Production,MAPS,Nasiyanur,A,2025-04-13
EMP0306,Vignesh Muthu,Male,Wafer,Quality,Contract,Gobichettipalayam,B,2022-10-03
EMP0307,Dinesh Kumar,Male,Wafer,Quality,Contract,Nasiyanur,B,2023-07-03
EMP0308,Rajesh Kumar,Male,Biscuit,Quality,Contract,Kavindapadi,A,2024-06-28
EMP0309,Priya Vel,Female,Biscuit,Packing,Contract,Erode,C,2025-01-19
EMP0310,Kavitha Palanisamy,Female,Biscuit,Production,Contract,Nasiyanur,C,2024-08-04
EMP0311,Suresh Selvam,Male,Biscuit,Quality,Contract,Gobichettipalayam,B,2023-06-27
EMP0312,Karthik Gounder,Male,Biscuit,Packing,Contract,Bhavani,A,2024-09-16
EMP0313,Suresh Palanisamy,Male,Biscuit,Packing,Contract,Nasiyanur,B,2023-07-22
EMP0314,Kavitha Gounder,Female,Maintenance,Utilities,BIL,Bhavani,C,2025-01-03
EMP0315,Revathi Vel,Female,Maintenance,TF,Contract,Nasiyanur,C,2022-11-05
EMP0316,Murugan Kumar,Male,Biscuit,Quality,Contract,Nasiyanur,A,2023-03-22
EMP0317,Arun Muthu,Male,Maintenance,Electrical,Contract,Perundurai,B,2023-08-05
EMP0318,Saravanan Kumar,Male,Wafer,Production,Contract,Modakurichi,C,2024-04-23
EMP0319,Selvi Selvam,Female,Wafer,Quality,Contract,Chithode,C,2024-08-05
EMP0320,Vignesh Subramani,Male,Wafer,Quality,Contract,Chithode,A,2025-10-27
EMP0321,Murugan Selvam,Male,Wafer,Packing,BIL,Erode,A,2024-04-18
EMP0322,Prakash Muthu,Male,Wafer,Packing,Contract,Kavindapadi,A,2024-02-02
EMP0323,Arun Subramani,Male,Biscuit,Quality,Contract,Erode,A,2022-11-13
EMP0324,Priya Selvam,Female,Biscuit,Quality,Operator,Kodumudi,A,2023-08-24
EMP0325,Nandhini Subramani,Female,Biscuit,Packing,Contract,Villarasampatti,A,2023-06-01
EMP0326,Karthik Kumar,Male,Biscuit,Quality,Contract,Perundurai,C,2025-07-29
EMP0327,Prakash Selvam,Male,Biscuit,Packing,Contract,Nasiyanur,A,2024-07-31
EMP0328,Prakash Gounder,Male,Biscuit,Production,Contract,Erode,A,2023-06-30
EMP0329,Divya Subramani,Female,Wafer,Quality,Contract,Bhavani,B,2025-09-14
EMP0330,Anitha Rajan,Female,Maintenance,Electrical,MAPS,Bhavani,C,2024-12-06
EMP0331,Lakshmi Kumar,Female,Maintenance,Electrical,Contract,Gobichettipalayam,C,2025-06-29
EMP0332,Meena Mani,Female,Wafer,Packing,MAPS,Perundurai,C,2025-01-13
EMP0333,Vignesh Kumar,Male,Biscuit,Packing,Contract,Nasiyanur,A,2025-10-07
EMP0334,Vignesh Subramani,Male,Maintenance,Electrical,Contract,Villarasampatti,A,2024-07-31
EMP0335,Prakash Palanisamy,Male,Biscuit,Quality,BIL,Nasiyanur,B,2024-05-16
EMP0336,Vignesh Kumar,Male,Maintenance,TF,Operator,Bhavani,A,2025-06-19
EMP0337,Murugan Rajan,Male,Wafer,Production,Contract,Modakurichi,B,2022-11-28
EMP0338,Karthik Selvam,Male,Wafer,Production,BIL,Bhavani,A,2025-09-14
EMP0339,Suresh Selvam,Male,Wafer,Packing,Operator,Kavindapadi,A,2025-02-03
EMP0340,Karthik Gounder,Male,Wafer,Quality,Contract,Erode,C,2025-08-03
EMP0341,Anitha Muthu,Female,Maintenance,Electrical,Operator,Perundurai,B,2023-01-16
EMP0342,Kavitha Gounder,Female,Maintenance,Electrical,Contract,Nasiyanur,C,2024-08-02
EMP0343,Murugan Mani,Male,Biscuit,Packing,Contract,Perundurai,C,2025-07-19
EMP0344,Senthil Muthu,Male,Wafer,Production,Operator,Bhavani,B,2023-02-10
EMP0345,Vignesh Gounder,Male,Biscuit,Quality,Contract,Perundurai,B,2024-06-01
EMP0346,Prakash Rajan,Male,Biscuit,Production,Contract,Kodumudi,A,2024-09-04
EMP0347,Senthil Palanisamy,Male,Wafer,Production,BIL,Modakurichi,B,2024-12-17
EMP0348,Revathi Gounder,Female,Wafer,Production,Contract,Gobichettipalayam,B,2022-10-04
EMP0349,Arun Kumar,Male,Wafer,Production,MAPS,Villarasampatti,A,2025-08-30
EMP0350,Anitha Subramani,Female,Wafer,Packing,MAPS,Kavindapadi,B,2023-02-19
EMP0351,Arun Palanisamy,Male,Biscuit,Production,BIL,Nasiyanur,C,2025-11-08
EMP0352,Karthik Gounder,Male,Wafer,Production,Contract,Kavindapadi,C,2023-06-22
EMP0353,Suresh Selvam,Male,Maintenance,Utilities,BIL,Chithode,C,2023-12-23
EMP0354,Suresh Vel,Male,Wafer,Production,Contract,Bhavani,C,2022-11-17
EMP0355,Priya Muthu,Female,Biscuit,Quality,Contract,Villarasampatti,B,2024-02-16
EMP0356,Dinesh Vel,Male,Maintenance,TF,Contract,Nasiyanur,A,2025-05-05
EMP0357,Karthik Selvam,Male,Biscuit,Production,Contract,Modakurichi,C,2023-03-22
EMP0358,Arun Ravi,Male,Biscuit,Production,Contract,Modakurichi,A,2025-04-02
EMP0359,Karthik Palanisamy,Male,Biscuit,Quality,Contract,Bhavani,B,2024-12-08
EMP0360,Karthik Selvam,Male,Wafer,Quality,Contract,Villarasampatti,B,2025-09-13
EMP0361,Senthil Kumar,Male,Wafer,Quality,BIL,Perundurai,A,2022-09-30
EMP0362,Geetha Gounder,Female,Biscuit,Production,Contract,Kavindapadi,C,2025-03-03
EMP0363,Rajesh Muthu,Male,Wafer,Quality,Contract,Modakurichi,B,2024-08-20
EMP0364,Kavitha Selvam,Female,Biscuit,Packing,MAPS,Gobichettipalayam,C,2023-09-22
EMP0365,Vignesh Muthu,Male,Biscuit,Packing,Contract,Chithode,B,2023-09-09
EMP0366,Prakash Kumar,Male,Biscuit,Production,MAPS,Kodumudi,B,2025-06-29
EMP0367,Selvi Mani,Female,Biscuit,Packing,Contract,Perundurai,A,2024-12-21
EMP0368,Anitha Gounder,Female,Biscuit,Quality,Contract,Kodumudi,B,2023-07-01
EMP0369,Murugan Kumar,Male,Wafer,Production,Contract,Erode,C,2024-04-21
EMP0370,Karthik Selvam,Male,Wafer,Quality,MAPS,Kavindapadi,B,2023-05-04
EMP0371,Murugan Palanisamy,Male,Biscuit,Quality,Operator,Gobichettipalayam,A,2023-01-04
EMP0372,Saravanan Subramani,Male,Wafer,Packing,Contract,Erode,C,2024-03-25
EMP0373,Vignesh Subramani,Male,Biscuit,Production,MAPS,Perundurai,A,2025-06-06
EMP0374,Selvi Kumar,Female,Biscuit,Quality,BIL,Bhavani,A,2023-04-08
EMP0375,Geetha Palanisamy,Female,Biscuit,Quality,Operator,Kodumudi,C,2025-04-23
EMP0376,Senthil Gounder,Male,Wafer,Quality,Contract,Erode,C,2024-03-11
EMP0377,Vignesh Palanisamy,Male,Biscuit,Packing,BIL,Kodumudi,B,2024-10-24
EMP0378,Nandhini Selvam,Female,Wafer,Quality,BIL,Villarasampatti,A,2023-12-24
EMP0379,Karthik Selvam,Male,Wafer,Quality,BIL,Perundurai,C,2024-08-23
EMP0380,Murugan Mani,Male,Wafer,Quality,BIL,Kodumudi,A,2024-11-01
EMP0381,Vignesh Mani,Male,Wafer,Packing,Contract,Perundurai,B,2023-05-31
EMP0382,Karthik Subramani,Male,Biscuit,Quality,Contract,Erode,C,2025-08-01
EMP0383,Arun Mani,Male,Biscuit,Quality,MAPS,Perundurai,C,2022-12-17
EMP0384,Nandhini Rajan,Female,Biscuit,Production,Operator,Kavindapadi,B,2024-03-31
EMP0385,Senthil Selvam,Male,Wafer,Quality,Contract,Gobichettipalayam,B,2023-06-12
EMP0386,Selvi Mani,Female,Biscuit,Production,Operator,Modakurichi,A,2024-03-19
EMP0387,Vignesh Muthu,Male,Biscuit,Quality,Contract,Erode,A,2024-11-26
EMP0388,Vignesh Subramani,Male,Biscuit,Packing,Contract,Erode,B,2024-02-12
EMP0389,Rajesh Vel,Male,Maintenance,Electrical,Operator,Kavindapadi,A,2022-11-19
EMP0390,Vignesh Vel,Male,Wafer,Packing,BIL,Perundurai,A,2022-11-07
EMP0391,Karthik Ravi,Male,Biscuit,Production,Contract,Villarasampatti,A,2025-12-02
EMP0392,Dinesh Rajan,Male,Biscuit,Packing,Contract,Modakurichi,B,2025-05-14
EMP0393,Saravanan Selvam,Male,Wafer,Production,BIL,Modakurichi,B,2024-11-16
EMP0394,Priya Selvam,Female,Biscuit,Production,Contract,Perundurai,C,2023-12-10
EMP0395,Kavitha Ravi,Female,Wafer,Quality,Contract,Perundurai,B,2023-08-05
EMP0396,Meena Gounder,Female,Maintenance,Utilities,BIL,Bhavani,B,2023-04-09
EMP0397,Karthik Vel,Male,Wafer,Quality,Contract,Modakurichi,C,2024-09-13
EMP0398,Meena Ravi,Female,Biscuit,Production,Contract,Nasiyanur,C,2024-11-06
EMP0399,Suresh Muthu,Male,Biscuit,Quality,MAPS,Gobichettipalayam,C,2023-02-26
EMP0400,Karthik Muthu,Male,Maintenance,Utilities,Contract,Modakurichi,B,2022-11-15
EMP0401,Vignesh Vel,Male,Biscuit,Quality,Contract,Erode,C,2024-06-09
EMP0402,Senthil Kumar,Male,Wafer,Packing,MAPS,Bhavani,B,2024-05-04
EMP0403,Meena Selvam,Female,Biscuit,Production,MAPS,Bhavani,A,2022-12-28
EMP0404,Selvi Gounder,Female,Maintenance,Utilities,Operator,Kodumudi,A,2024-07-26
EMP0405,Prakash Gounder,Male,Biscuit,Quality,Contract,Villarasampatti,A,2023-04-02
EMP0406,Vignesh Rajan,Male,Wafer,Packing,Contract,Erode,A,2023-04-14
EMP0407,Rajesh Ravi,Male,Wafer,Quality,MAPS,Chithode,B,2023-04-07
EMP0408,Geetha Kumar,Female,Wafer,Packing,MAPS,Modakurichi,A,2024-07-28
EMP0409,Divya Ravi,Female,Biscuit,Quality,Contract,Villarasampatti,C,2024-03-13
EMP0410,Karthik Vel,Male,Maintenance,Electrical,Contract,Erode,A,2024-05-06
EMP0411,Divya Mani,Female,Biscuit,Quality,Contract,Kodumudi,B,2024-02-08
EMP0412,Dinesh Gounder,Male,Biscuit,Packing,Contract,Nasiyanur,C,2023-04-20
EMP0413,Meena Gounder,Female,Wafer,Packing,Contract,Kodumudi,C,2023-10-16
EMP0414,Priya Ravi,Female,Biscuit,Quality,Contract,Villarasampatti,A,2022-11-18
EMP0415,Arun Mani,Male,Maintenance,Electrical,Contract,Bhavani,C,2024-03-07
EMP0416,Arun Mani,Male,Maintenance,Mechanical,Contract,Nasiyanur,C,2023-04-26
EMP0417,Meena Muthu,Female,Maintenance,Electrical,Contract,Gobichettipalayam,A,2023-05-09
EMP0418,Saravanan Mani,Male,Biscuit,Production,MAPS,Erode,A,2024-04-22
EMP0419,Lakshmi Kumar,Female,Wafer,Packing,MAPS,Chithode,B,2023-10-13
EMP0420,Dinesh Mani,Male,Wafer,Quality,Contract,Nasiyanur,B,2023-01-22
EMP0421,Rajesh Selvam,Male,Wafer,Production,Contract,Nasiyanur,B,2023-05-11
EMP0422,Karthik Kumar,Male,Wafer,Packing,Contract,Kavindapadi,B,2025-05-12
EMP0423,Geetha Gounder,Female,Wafer,Production,Contract,Villarasampatti,A,2022-09-30
EMP0424,Arun Palanisamy,Male,Wafer,Quality,Contract,Kavindapadi,B,2023-05-14
EMP0425,Revathi Vel,Female,Wafer,Packing,BIL,Modakurichi,B,2023-12-15
EMP0426,Karthik Palanisamy,Male,Biscuit,Quality,Contract,Gobichettipalayam,A,2023-03-24
EMP0427,Priya Rajan,Female,Wafer,Production,Contract,Bhavani,C,2023-12-28
EMP0428,Prakash Rajan,Male,Wafer,Production,Contract,Erode,C,2025-08-04
EMP0429,Suresh Gounder,Male,Biscuit,Quality,BIL,Villarasampatti,C,2024-01-25
EMP0430,Saravanan Ravi,Male,Wafer,Production,BIL,Modakurichi,C,2023-03-17
EMP0431,Murugan Vel,Male,Biscuit,Packing,MAPS,Modakurichi,C,2025-11-21
EMP0432,Dinesh Vel,Male,Wafer,Production,Contract,Chithode,B,2023-07-30
EMP0433,Saravanan Rajan,Male,Biscuit,Production,BIL,Perundurai,C,2024-06-30
EMP0434,Arun Ravi,Male,Biscuit,Packing,Contract,Modakurichi,C,2024-12-30
EMP0435,Nandhini Kumar,Female,Maintenance,TF,BIL,Nasiyanur,C,2025-02-18
EMP0436,Priya Rajan,Female,Wafer,Production,Contract,Nasiyanur,A,2023-04-10
EMP0437,Divya Vel,Female,Wafer,Packing,Contract,Perundurai,A,2025-04-24
EMP0438,Rajesh Ravi,Male,Biscuit,Production,Contract,Kodumudi,C,2025-03-05
EMP0439,Arun Ravi,Male,Biscuit,Packing,Contract,Bhavani,B,2024-08-07
EMP0440,Divya Muthu,Female,Maintenance,Mechanical,Contract,Bhavani,A,2024-06-14
EMP0441,Senthil Palanisamy,Male,Biscuit,Packing,Contract,Erode,A,2023-03-22
EMP0442,Dinesh Selvam,Male,Maintenance,Utilities,BIL,Nasiyanur,A,2025-11-09
EMP0443,Saravanan Rajan,Male,Biscuit,Production,Contract,Villarasampatti,A,2024-03-14
EMP0444,Arun Gounder,Male,Biscuit,Packing,Contract,Villarasampatti,A,2025-03-18
EMP0445,Dinesh Subramani,Male,Biscuit,Quality,Contract,Modakurichi,A,2024-02-04
EMP0446,Senthil Ravi,Male,Maintenance,Utilities,Operator,Erode,C,2023-12-04
EMP0447,Karthik Gounder,Male,Maintenance,Electrical,Operator,Nasiyanur,A,2023-10-14
EMP0448,Nandhini Muthu,Female,Biscuit,Quality,BIL,Gobichettipalayam,C,2025-06-11
EMP0449,Karthik Vel,Male,Biscuit,Production,Contract,Kavindapadi,A,2023-02-09
EMP0450,Meena Palanisamy,Female,Maintenance,Utilities,Contract,Gobichettipalayam,B,2025-09-23
EMP0451,Suresh Vel,Male,Wafer,Packing,BIL,Kodumudi,B,2024-01-26
EMP0452,Suresh Subramani,Male,Maintenance,Mechanical,Contract,Chithode,C,2025-08-24
EMP0453,Senthil Kumar,Male,Maintenance,TF,MAPS,Erode,A,2023-10-17
EMP0454,Suresh Palanisamy,Male,Biscuit,Quality,Operator,Kavindapadi,C,2025-06-06
EMP0455,Kavitha Rajan,Female,Maintenance,TF,Contract,Erode,B,2024-03-28
EMP0456,Arun Rajan,Male,Maintenance,TF,Operator,Perundurai,C,2024-01-09
EMP0457,Saravanan Palanisamy,Male,Biscuit,Quality,BIL,Erode,A,2025-02-07
EMP0458,Lakshmi Selvam,Female,Biscuit,Quality,Contract,Bhavani,A,2023-10-29
EMP0459,Priya Ravi,Female,Maintenance,Utilities,Contract,Perundurai,B,2023-08-15
EMP0460,Senthil Muthu,Male,Biscuit,Production,Contract,Erode,A,2023-12-19
EMP0461,Selvi Mani,Female,Biscuit,Quality,BIL,Nasiyanur,B,2023-04-12
EMP0462,Senthil Ravi,Male,Maintenance,Utilities,MAPS,Kodumudi,B,2025-02-19
EMP0463,Meena Kumar,Female,Wafer,Packing,Contract,Perundurai,B,2023-06-29
EMP0464,Rajesh Muthu,Male,Maintenance,TF,BIL,Chithode,C,2023-08-25
EMP0465,Priya Kumar,Female,Biscuit,Packing,Contract,Bhavani,A,2024-01-09
EMP0466,Dinesh Muthu,Male,Biscuit,Production,Contract,Kavindapadi,A,2023-12-28
EMP0467,Dinesh Ravi,Male,Biscuit,Packing,Contract,Modakurichi,A,2025-07-05
EMP0468,Rajesh Gounder,Male,Biscuit,Production,BIL,Nasiyanur,A,2022-12-16
EMP0469,Lakshmi Muthu,Female,Wafer,Production,Contract,Gobichettipalayam,C,2023-09-27
EMP0470,Saravanan Muthu,Male,Maintenance,Utilities,BIL,Bhavani,B,2023-12-14
EMP0471,Dinesh Vel,Male,Biscuit,Quality,Contract,Kodumudi,A,2023-05-08
EMP0472,Dinesh Gounder,Male,Maintenance,Electrical,Contract,Nasiyanur,B,2025-05-03
EMP0473,Meena Muthu,Female,Biscuit,Packing,MAPS,Gobichettipalayam,C,2025-08-11
EMP0474,Geetha Kumar,Female,Biscuit,Packing,BIL,Erode,A,2025-03-18
EMP0475,Suresh Vel,Male,Wafer,Quality,Contract,Erode,C,2024-06-07
EMP0476,Dinesh Gounder,Male,Maintenance,TF,Operator,Kavindapadi,B,2022-10-30
EMP0477,Saravanan Kumar,Male,Biscuit,Production,Contract,Erode,B,2022-11-30
EMP0478,Saravanan Ravi,Male,Maintenance,TF,BIL,Gobichettipalayam,B,2024-11-09
EMP0479,Dinesh Rajan,Male,Maintenance,Electrical,Contract,Gobichettipalayam,A,2024-01-05
EMP0480,Senthil Rajan,Male,Wafer,Production,BIL,Erode,C,2025-01-17
EMP0481,Saravanan Gounder,Male,Biscuit,Quality,Contract,Erode,B,2025-01-14
EMP0482,Murugan Ravi,Male,Wafer,Quality,Contract,Kavindapadi,B,2025-08-09
EMP0483,Suresh Ravi,Male,Wafer,Packing,Contract,Bhavani,C,2025-10-18
EMP0484,Prakash Muthu,Male,Biscuit,Quality,Contract,Bhavani,B,2023-11-15
EMP0485,Meena Ravi,Female,Maintenance,Electrical,Contract,Kodumudi,A,2024-12-15
EMP0486,Prakash Muthu,Male,Biscuit,Production,Contract,Perundurai,C,2022-12-26
EMP0487,Rajesh Subramani,Male,Maintenance,TF,BIL,Kodumudi,A,2025-09-18
EMP0488,Senthil Palanisamy,Male,Biscuit,Production,BIL,Modakurichi,B,2023-10-08
EMP0489,Revathi Subramani,Female,Wafer,Packing,MAPS,Nasiyanur,A,2023-09-07
EMP0490,Arun Ravi,Male,Maintenance,Electrical,Contract,Erode,A,2025-09-26
EMP0491,Saravanan Ravi,Male,Maintenance,Utilities,Contract,Erode,A,2023-12-22
EMP0492,Arun Selvam,Male,Wafer,Packing,Contract,Villarasampatti,B,2025-08-14
EMP0493,Murugan Subramani,Male,Wafer,Production,Operator,Gobichettipalayam,C,2024-03-28
EMP0494,Saravanan Selvam,Male,Biscuit,Production,Contract,Perundurai,B,2024-10-17
EMP0495,Selvi Ravi,Female,Wafer,Quality,BIL,Chithode,A,2023-12-18
EMP0496,Arun Mani,Male,Biscuit,Production,MAPS,Bhavani,A,2023-09-10
EMP0497,Rajesh Mani,Male,Wafer,Packing,BIL,Villarasampatti,A,2025-05-20
EMP0498,Dinesh Gounder,Male,Wafer,Production,Contract,Erode,B,2022-11-11
EMP0499,Suresh Gounder,Male,Biscuit,Packing,BIL,Modakurichi,C,2023-05-26
EMP0500,Suresh Selvam,Male,Wafer,Packing,MAPS,Kavindapadi,A,2024-05-28
